{"cameraMode":{"drawMode":0,"name":"Shaded","section":"Shading Mode"},"sceneLighting":false,"audioPlay":false,"sceneViewState":{"m_AlwaysRefresh":false,"showFog":true,"showSkybox":false,"showFlares":true,"showImageEffects":true,"showParticleSystems":true,"showVisualEffectGraphs":true,"m_FxEnabled":true},"in2DMode":false,"pivot":{"x":0.10269901156425476,"y":1.8297168016433716,"z":-12.236600875854493},"rotation":{"x":0.00008709222311154008,"y":0.9998854398727417,"z":-0.0063088093884289269,"w":0.013800605200231076},"size":2.00472354888916,"orthographic":false}